<?xml version="1.0" encoding="UTF-8"?>
<export version="D">
  <design>
    <source>E:\HOTSHOT_keyboard_60_NoLED\SCHEMATICS &amp; PCB\hotshot_keyboard.sch</source>
    <date>21.03.2021 22:58:00</date>
    <tool>Eeschema (5.1.9)-1</tool>
    <sheet number="1" name="/" tstamps="/">
      <title_block>
        <title/>
        <company/>
        <rev/>
        <date/>
        <source>hotshot_keyboard.sch</source>
        <comment number="1" value=""/>
        <comment number="2" value=""/>
        <comment number="3" value=""/>
        <comment number="4" value=""/>
      </title_block>
    </sheet>
    <sheet number="2" name="/Matrix/" tstamps="/604A8D0E/">
      <title_block>
        <title/>
        <company/>
        <rev/>
        <date/>
        <source>matrix.sch</source>
        <comment number="1" value=""/>
        <comment number="2" value=""/>
        <comment number="3" value=""/>
        <comment number="4" value=""/>
      </title_block>
    </sheet>
  </design>
  <components>
    <comp ref="R4">
      <value>22</value>
      <footprint>Resistor_SMD:R_0805_2012Metric_Pad1.20x1.40mm_HandSolder</footprint>
      <datasheet>~</datasheet>
      <libsource lib="Device" part="R_Small" description="Resistor, small symbol"/>
      <sheetpath names="/" tstamps="/"/>
      <tstamp>604903E4</tstamp>
    </comp>
    <comp ref="C4">
      <value>0.1u</value>
      <footprint>Capacitor_SMD:C_0805_2012Metric_Pad1.18x1.45mm_HandSolder</footprint>
      <datasheet>~</datasheet>
      <libsource lib="Device" part="C_Small" description="Unpolarized capacitor, small symbol"/>
      <sheetpath names="/" tstamps="/"/>
      <tstamp>604958C6</tstamp>
    </comp>
    <comp ref="C5">
      <value>0.1u</value>
      <footprint>Capacitor_SMD:C_0805_2012Metric_Pad1.18x1.45mm_HandSolder</footprint>
      <datasheet>~</datasheet>
      <libsource lib="Device" part="C_Small" description="Unpolarized capacitor, small symbol"/>
      <sheetpath names="/" tstamps="/"/>
      <tstamp>6049657A</tstamp>
    </comp>
    <comp ref="C6">
      <value>0.1u</value>
      <footprint>Capacitor_SMD:C_0805_2012Metric_Pad1.18x1.45mm_HandSolder</footprint>
      <datasheet>~</datasheet>
      <libsource lib="Device" part="C_Small" description="Unpolarized capacitor, small symbol"/>
      <sheetpath names="/" tstamps="/"/>
      <tstamp>60496AD5</tstamp>
    </comp>
    <comp ref="C7">
      <value>0.1u</value>
      <footprint>Capacitor_SMD:C_0805_2012Metric_Pad1.18x1.45mm_HandSolder</footprint>
      <datasheet>~</datasheet>
      <libsource lib="Device" part="C_Small" description="Unpolarized capacitor, small symbol"/>
      <sheetpath names="/" tstamps="/"/>
      <tstamp>60496F5D</tstamp>
    </comp>
    <comp ref="C8">
      <value>10u</value>
      <footprint>Capacitor_SMD:C_0805_2012Metric_Pad1.18x1.45mm_HandSolder</footprint>
      <datasheet>~</datasheet>
      <libsource lib="Device" part="C_Small" description="Unpolarized capacitor, small symbol"/>
      <sheetpath names="/" tstamps="/"/>
      <tstamp>6049747C</tstamp>
    </comp>
    <comp ref="SW1">
      <value>SW_Push</value>
      <footprint>Button_Switch_SMD:SW_SPST_SKQG_WithStem</footprint>
      <datasheet>~</datasheet>
      <libsource lib="Switch" part="SW_Push" description="Push button switch, generic, two pins"/>
      <sheetpath names="/" tstamps="/"/>
      <tstamp>604ABDFF</tstamp>
    </comp>
    <comp ref="R1">
      <value>10k</value>
      <footprint>Resistor_SMD:R_0805_2012Metric_Pad1.20x1.40mm_HandSolder</footprint>
      <datasheet>~</datasheet>
      <libsource lib="Device" part="R_Small" description="Resistor, small symbol"/>
      <sheetpath names="/" tstamps="/"/>
      <tstamp>604B1679</tstamp>
    </comp>
    <comp ref="C1">
      <value>22p</value>
      <footprint>Capacitor_SMD:C_0805_2012Metric_Pad1.18x1.45mm_HandSolder</footprint>
      <datasheet>~</datasheet>
      <libsource lib="Device" part="C_Small" description="Unpolarized capacitor, small symbol"/>
      <sheetpath names="/" tstamps="/"/>
      <tstamp>604A44E8</tstamp>
    </comp>
    <comp ref="C2">
      <value>22p</value>
      <footprint>Capacitor_SMD:C_0805_2012Metric_Pad1.18x1.45mm_HandSolder</footprint>
      <datasheet>~</datasheet>
      <libsource lib="Device" part="C_Small" description="Unpolarized capacitor, small symbol"/>
      <sheetpath names="/" tstamps="/"/>
      <tstamp>604A3DCB</tstamp>
    </comp>
    <comp ref="Y1">
      <value>XTAL</value>
      <footprint>Crystal:Crystal_SMD_3225-4Pin_3.2x2.5mm_HandSoldering</footprint>
      <datasheet>~</datasheet>
      <libsource lib="Device" part="Crystal_GND24_Small" description="Four pin crystal, GND on pins 2 and 4, small symbol"/>
      <sheetpath names="/" tstamps="/"/>
      <tstamp>6049E99B</tstamp>
    </comp>
    <comp ref="J1">
      <value>AVR-ISP-6</value>
      <footprint>random-keyboard-parts:Reset_Pretty-Mask</footprint>
      <datasheet> ~</datasheet>
      <libsource lib="Connector" part="AVR-ISP-6" description="Atmel 6-pin ISP connector"/>
      <sheetpath names="/" tstamps="/"/>
      <tstamp>604DB8DD</tstamp>
    </comp>
    <comp ref="J2">
      <value>USB_C_Receptacle_USB2.0</value>
      <footprint>Connector_USB:USB_C_Receptacle_HRO_TYPE-C-31-M-12</footprint>
      <datasheet>https://www.usb.org/sites/default/files/documents/usb_type-c.zip</datasheet>
      <libsource lib="Connector" part="USB_C_Receptacle_USB2.0" description="USB 2.0-only Type-C Receptacle connector"/>
      <sheetpath names="/" tstamps="/"/>
      <tstamp>604F2373</tstamp>
    </comp>
    <comp ref="R3">
      <value>22</value>
      <footprint>Resistor_SMD:R_0805_2012Metric_Pad1.20x1.40mm_HandSolder</footprint>
      <datasheet>~</datasheet>
      <libsource lib="Device" part="R_Small" description="Resistor, small symbol"/>
      <sheetpath names="/" tstamps="/"/>
      <tstamp>6048F92C</tstamp>
    </comp>
    <comp ref="F1">
      <value>500mA</value>
      <footprint>Fuse:Fuse_1206_3216Metric_Pad1.42x1.75mm_HandSolder</footprint>
      <datasheet>~</datasheet>
      <libsource lib="Device" part="Polyfuse_Small" description="Resettable fuse, polymeric positive temperature coefficient, small symbol"/>
      <sheetpath names="/" tstamps="/"/>
      <tstamp>6052B745</tstamp>
    </comp>
    <comp ref="R6">
      <value>5.1k</value>
      <footprint>Resistor_SMD:R_0805_2012Metric_Pad1.20x1.40mm_HandSolder</footprint>
      <datasheet>~</datasheet>
      <libsource lib="Device" part="R_Small" description="Resistor, small symbol"/>
      <sheetpath names="/" tstamps="/"/>
      <tstamp>6053593E</tstamp>
    </comp>
    <comp ref="R5">
      <value>5.1K</value>
      <footprint>Resistor_SMD:R_0805_2012Metric_Pad1.20x1.40mm_HandSolder</footprint>
      <datasheet>~</datasheet>
      <libsource lib="Device" part="R_Small" description="Resistor, small symbol"/>
      <sheetpath names="/" tstamps="/"/>
      <tstamp>60535E2F</tstamp>
    </comp>
    <comp ref="U2">
      <value>PRTR5V0U2X</value>
      <footprint>random-keyboard-parts:SOT143B</footprint>
      <libsource lib="random-keyboard-parts" part="PRTR5V0U2X" description=""/>
      <sheetpath names="/" tstamps="/"/>
      <tstamp>60562D65</tstamp>
    </comp>
    <comp ref="C3">
      <value>1u</value>
      <footprint>Capacitor_SMD:C_0805_2012Metric_Pad1.18x1.45mm_HandSolder</footprint>
      <datasheet>~</datasheet>
      <libsource lib="Device" part="C_Small" description="Unpolarized capacitor, small symbol"/>
      <sheetpath names="/" tstamps="/"/>
      <tstamp>60761ABD</tstamp>
    </comp>
    <comp ref="R2">
      <value>10k</value>
      <footprint>Resistor_SMD:R_0805_2012Metric_Pad1.20x1.40mm_HandSolder</footprint>
      <datasheet>~</datasheet>
      <libsource lib="Device" part="R_Small" description="Resistor, small symbol"/>
      <sheetpath names="/" tstamps="/"/>
      <tstamp>60485030</tstamp>
    </comp>
    <comp ref="U1">
      <value>ATmega32U4-AU</value>
      <footprint>Package_QFP:TQFP-44_10x10mm_P0.8mm</footprint>
      <datasheet>http://ww1.microchip.com/downloads/en/DeviceDoc/Atmel-7766-8-bit-AVR-ATmega16U4-32U4_Datasheet.pdf</datasheet>
      <libsource lib="MCU_Microchip_ATmega" part="ATmega32U4-AU" description="16MHz, 32kB Flash, 2.5kB SRAM, 1kB EEPROM, USB 2.0, TQFP-44"/>
      <sheetpath names="/" tstamps="/"/>
      <tstamp>6055B00A</tstamp>
    </comp>
    <comp ref="MX1">
      <value>ESC</value>
      <footprint>MX_Alps_Hybrid:MX-1U-NoLED</footprint>
      <libsource lib="MX_Alps_Hybrid" part="MX-NoLED" description=""/>
      <sheetpath names="/Matrix/" tstamps="/604A8D0E/"/>
      <tstamp>605B6001</tstamp>
    </comp>
    <comp ref="D1">
      <value>1N4148</value>
      <footprint>Diode_SMD:D_SOD-123</footprint>
      <datasheet>~</datasheet>
      <libsource lib="Device" part="D_Small" description="Diode, small symbol"/>
      <sheetpath names="/Matrix/" tstamps="/604A8D0E/"/>
      <tstamp>605B681E</tstamp>
    </comp>
    <comp ref="MX2">
      <value>#1</value>
      <footprint>MX_Alps_Hybrid:MX-1U-NoLED</footprint>
      <libsource lib="MX_Alps_Hybrid" part="MX-NoLED" description=""/>
      <sheetpath names="/Matrix/" tstamps="/604A8D0E/"/>
      <tstamp>605BB374</tstamp>
    </comp>
    <comp ref="D2">
      <value>1N4148</value>
      <footprint>Diode_SMD:D_SOD-123</footprint>
      <datasheet>~</datasheet>
      <libsource lib="Device" part="D_Small" description="Diode, small symbol"/>
      <sheetpath names="/Matrix/" tstamps="/604A8D0E/"/>
      <tstamp>605BB37E</tstamp>
    </comp>
    <comp ref="MX3">
      <value>#2</value>
      <footprint>MX_Alps_Hybrid:MX-1U-NoLED</footprint>
      <libsource lib="MX_Alps_Hybrid" part="MX-NoLED" description=""/>
      <sheetpath names="/Matrix/" tstamps="/604A8D0E/"/>
      <tstamp>605BBF24</tstamp>
    </comp>
    <comp ref="D3">
      <value>1N4148</value>
      <footprint>Diode_SMD:D_SOD-123</footprint>
      <datasheet>~</datasheet>
      <libsource lib="Device" part="D_Small" description="Diode, small symbol"/>
      <sheetpath names="/Matrix/" tstamps="/604A8D0E/"/>
      <tstamp>605BBF3E</tstamp>
    </comp>
    <comp ref="MX15">
      <value>TAB</value>
      <footprint>MX_Alps_Hybrid:MX-1.5U-NoLED</footprint>
      <libsource lib="MX_Alps_Hybrid" part="MX-NoLED" description=""/>
      <sheetpath names="/Matrix/" tstamps="/604A8D0E/"/>
      <tstamp>605BCC9C</tstamp>
    </comp>
    <comp ref="D15">
      <value>1N4148</value>
      <footprint>Diode_SMD:D_SOD-123</footprint>
      <datasheet>~</datasheet>
      <libsource lib="Device" part="D_Small" description="Diode, small symbol"/>
      <sheetpath names="/Matrix/" tstamps="/604A8D0E/"/>
      <tstamp>605BCCB6</tstamp>
    </comp>
    <comp ref="MX16">
      <value>Q</value>
      <footprint>MX_Alps_Hybrid:MX-1U-NoLED</footprint>
      <libsource lib="MX_Alps_Hybrid" part="MX-NoLED" description=""/>
      <sheetpath names="/Matrix/" tstamps="/604A8D0E/"/>
      <tstamp>605BCCC1</tstamp>
    </comp>
    <comp ref="D16">
      <value>1N4148</value>
      <footprint>Diode_SMD:D_SOD-123</footprint>
      <datasheet>~</datasheet>
      <libsource lib="Device" part="D_Small" description="Diode, small symbol"/>
      <sheetpath names="/Matrix/" tstamps="/604A8D0E/"/>
      <tstamp>605BCCCB</tstamp>
    </comp>
    <comp ref="MX17">
      <value>W</value>
      <footprint>MX_Alps_Hybrid:MX-1U-NoLED</footprint>
      <libsource lib="MX_Alps_Hybrid" part="MX-NoLED" description=""/>
      <sheetpath names="/Matrix/" tstamps="/604A8D0E/"/>
      <tstamp>605BCCD6</tstamp>
    </comp>
    <comp ref="D17">
      <value>1N4148</value>
      <footprint>Diode_SMD:D_SOD-123</footprint>
      <datasheet>~</datasheet>
      <libsource lib="Device" part="D_Small" description="Diode, small symbol"/>
      <sheetpath names="/Matrix/" tstamps="/604A8D0E/"/>
      <tstamp>605BCCE0</tstamp>
    </comp>
    <comp ref="MX29">
      <value>CAPS</value>
      <footprint>MX_Alps_Hybrid:MX-1.75U-NoLED</footprint>
      <libsource lib="MX_Alps_Hybrid" part="MX-NoLED" description=""/>
      <sheetpath names="/Matrix/" tstamps="/604A8D0E/"/>
      <tstamp>605BF224</tstamp>
    </comp>
    <comp ref="D29">
      <value>1N4148</value>
      <footprint>Diode_SMD:D_SOD-123</footprint>
      <datasheet>~</datasheet>
      <libsource lib="Device" part="D_Small" description="Diode, small symbol"/>
      <sheetpath names="/Matrix/" tstamps="/604A8D0E/"/>
      <tstamp>605BF23E</tstamp>
    </comp>
    <comp ref="MX30">
      <value>A</value>
      <footprint>MX_Alps_Hybrid:MX-1U-NoLED</footprint>
      <libsource lib="MX_Alps_Hybrid" part="MX-NoLED" description=""/>
      <sheetpath names="/Matrix/" tstamps="/604A8D0E/"/>
      <tstamp>605BF249</tstamp>
    </comp>
    <comp ref="D30">
      <value>1N4148</value>
      <footprint>Diode_SMD:D_SOD-123</footprint>
      <datasheet>~</datasheet>
      <libsource lib="Device" part="D_Small" description="Diode, small symbol"/>
      <sheetpath names="/Matrix/" tstamps="/604A8D0E/"/>
      <tstamp>605BF253</tstamp>
    </comp>
    <comp ref="MX31">
      <value>S</value>
      <footprint>MX_Alps_Hybrid:MX-1U-NoLED</footprint>
      <libsource lib="MX_Alps_Hybrid" part="MX-NoLED" description=""/>
      <sheetpath names="/Matrix/" tstamps="/604A8D0E/"/>
      <tstamp>605BF25E</tstamp>
    </comp>
    <comp ref="D31">
      <value>1N4148</value>
      <footprint>Diode_SMD:D_SOD-123</footprint>
      <datasheet>~</datasheet>
      <libsource lib="Device" part="D_Small" description="Diode, small symbol"/>
      <sheetpath names="/Matrix/" tstamps="/604A8D0E/"/>
      <tstamp>605BF268</tstamp>
    </comp>
    <comp ref="MX4">
      <value>#3</value>
      <footprint>MX_Alps_Hybrid:MX-1U-NoLED</footprint>
      <libsource lib="MX_Alps_Hybrid" part="MX-NoLED" description=""/>
      <sheetpath names="/Matrix/" tstamps="/604A8D0E/"/>
      <tstamp>605CFC67</tstamp>
    </comp>
    <comp ref="D4">
      <value>1N4148</value>
      <footprint>Diode_SMD:D_SOD-123</footprint>
      <datasheet>~</datasheet>
      <libsource lib="Device" part="D_Small" description="Diode, small symbol"/>
      <sheetpath names="/Matrix/" tstamps="/604A8D0E/"/>
      <tstamp>605CFC71</tstamp>
    </comp>
    <comp ref="MX5">
      <value>#4</value>
      <footprint>MX_Alps_Hybrid:MX-1U-NoLED</footprint>
      <libsource lib="MX_Alps_Hybrid" part="MX-NoLED" description=""/>
      <sheetpath names="/Matrix/" tstamps="/604A8D0E/"/>
      <tstamp>605CFC7C</tstamp>
    </comp>
    <comp ref="D5">
      <value>1N4148</value>
      <footprint>Diode_SMD:D_SOD-123</footprint>
      <datasheet>~</datasheet>
      <libsource lib="Device" part="D_Small" description="Diode, small symbol"/>
      <sheetpath names="/Matrix/" tstamps="/604A8D0E/"/>
      <tstamp>605CFC86</tstamp>
    </comp>
    <comp ref="MX6">
      <value>#5</value>
      <footprint>MX_Alps_Hybrid:MX-1U-NoLED</footprint>
      <libsource lib="MX_Alps_Hybrid" part="MX-NoLED" description=""/>
      <sheetpath names="/Matrix/" tstamps="/604A8D0E/"/>
      <tstamp>605CFC91</tstamp>
    </comp>
    <comp ref="D6">
      <value>1N4148</value>
      <footprint>Diode_SMD:D_SOD-123</footprint>
      <datasheet>~</datasheet>
      <libsource lib="Device" part="D_Small" description="Diode, small symbol"/>
      <sheetpath names="/Matrix/" tstamps="/604A8D0E/"/>
      <tstamp>605CFC9B</tstamp>
    </comp>
    <comp ref="MX18">
      <value>E</value>
      <footprint>MX_Alps_Hybrid:MX-1U-NoLED</footprint>
      <libsource lib="MX_Alps_Hybrid" part="MX-NoLED" description=""/>
      <sheetpath names="/Matrix/" tstamps="/604A8D0E/"/>
      <tstamp>605CFCA6</tstamp>
    </comp>
    <comp ref="D18">
      <value>1N4148</value>
      <footprint>Diode_SMD:D_SOD-123</footprint>
      <datasheet>~</datasheet>
      <libsource lib="Device" part="D_Small" description="Diode, small symbol"/>
      <sheetpath names="/Matrix/" tstamps="/604A8D0E/"/>
      <tstamp>605CFCB0</tstamp>
    </comp>
    <comp ref="MX19">
      <value>R</value>
      <footprint>MX_Alps_Hybrid:MX-1U-NoLED</footprint>
      <libsource lib="MX_Alps_Hybrid" part="MX-NoLED" description=""/>
      <sheetpath names="/Matrix/" tstamps="/604A8D0E/"/>
      <tstamp>605CFCBB</tstamp>
    </comp>
    <comp ref="D19">
      <value>1N4148</value>
      <footprint>Diode_SMD:D_SOD-123</footprint>
      <datasheet>~</datasheet>
      <libsource lib="Device" part="D_Small" description="Diode, small symbol"/>
      <sheetpath names="/Matrix/" tstamps="/604A8D0E/"/>
      <tstamp>605CFCC5</tstamp>
    </comp>
    <comp ref="MX20">
      <value>T</value>
      <footprint>MX_Alps_Hybrid:MX-1U-NoLED</footprint>
      <libsource lib="MX_Alps_Hybrid" part="MX-NoLED" description=""/>
      <sheetpath names="/Matrix/" tstamps="/604A8D0E/"/>
      <tstamp>605CFCD0</tstamp>
    </comp>
    <comp ref="D20">
      <value>1N4148</value>
      <footprint>Diode_SMD:D_SOD-123</footprint>
      <datasheet>~</datasheet>
      <libsource lib="Device" part="D_Small" description="Diode, small symbol"/>
      <sheetpath names="/Matrix/" tstamps="/604A8D0E/"/>
      <tstamp>605CFCDA</tstamp>
    </comp>
    <comp ref="MX32">
      <value>D</value>
      <footprint>MX_Alps_Hybrid:MX-1U-NoLED</footprint>
      <libsource lib="MX_Alps_Hybrid" part="MX-NoLED" description=""/>
      <sheetpath names="/Matrix/" tstamps="/604A8D0E/"/>
      <tstamp>605CFCE5</tstamp>
    </comp>
    <comp ref="D32">
      <value>1N4148</value>
      <footprint>Diode_SMD:D_SOD-123</footprint>
      <datasheet>~</datasheet>
      <libsource lib="Device" part="D_Small" description="Diode, small symbol"/>
      <sheetpath names="/Matrix/" tstamps="/604A8D0E/"/>
      <tstamp>605CFCEF</tstamp>
    </comp>
    <comp ref="MX33">
      <value>F</value>
      <footprint>MX_Alps_Hybrid:MX-1U-NoLED</footprint>
      <libsource lib="MX_Alps_Hybrid" part="MX-NoLED" description=""/>
      <sheetpath names="/Matrix/" tstamps="/604A8D0E/"/>
      <tstamp>605CFCFA</tstamp>
    </comp>
    <comp ref="D33">
      <value>1N4148</value>
      <footprint>Diode_SMD:D_SOD-123</footprint>
      <datasheet>~</datasheet>
      <libsource lib="Device" part="D_Small" description="Diode, small symbol"/>
      <sheetpath names="/Matrix/" tstamps="/604A8D0E/"/>
      <tstamp>605CFD04</tstamp>
    </comp>
    <comp ref="MX34">
      <value>G</value>
      <footprint>MX_Alps_Hybrid:MX-1U-NoLED</footprint>
      <libsource lib="MX_Alps_Hybrid" part="MX-NoLED" description=""/>
      <sheetpath names="/Matrix/" tstamps="/604A8D0E/"/>
      <tstamp>605CFD0F</tstamp>
    </comp>
    <comp ref="D34">
      <value>1N4148</value>
      <footprint>Diode_SMD:D_SOD-123</footprint>
      <datasheet>~</datasheet>
      <libsource lib="Device" part="D_Small" description="Diode, small symbol"/>
      <sheetpath names="/Matrix/" tstamps="/604A8D0E/"/>
      <tstamp>605CFD19</tstamp>
    </comp>
    <comp ref="MX7">
      <value>#6</value>
      <footprint>MX_Alps_Hybrid:MX-1U-NoLED</footprint>
      <libsource lib="MX_Alps_Hybrid" part="MX-NoLED" description=""/>
      <sheetpath names="/Matrix/" tstamps="/604A8D0E/"/>
      <tstamp>605E0C0A</tstamp>
    </comp>
    <comp ref="D7">
      <value>1N4148</value>
      <footprint>Diode_SMD:D_SOD-123</footprint>
      <datasheet>~</datasheet>
      <libsource lib="Device" part="D_Small" description="Diode, small symbol"/>
      <sheetpath names="/Matrix/" tstamps="/604A8D0E/"/>
      <tstamp>605E0C14</tstamp>
    </comp>
    <comp ref="MX8">
      <value>#7</value>
      <footprint>MX_Alps_Hybrid:MX-1U-NoLED</footprint>
      <libsource lib="MX_Alps_Hybrid" part="MX-NoLED" description=""/>
      <sheetpath names="/Matrix/" tstamps="/604A8D0E/"/>
      <tstamp>605E0C1F</tstamp>
    </comp>
    <comp ref="D8">
      <value>1N4148</value>
      <footprint>Diode_SMD:D_SOD-123</footprint>
      <datasheet>~</datasheet>
      <libsource lib="Device" part="D_Small" description="Diode, small symbol"/>
      <sheetpath names="/Matrix/" tstamps="/604A8D0E/"/>
      <tstamp>605E0C29</tstamp>
    </comp>
    <comp ref="MX9">
      <value>#8</value>
      <footprint>MX_Alps_Hybrid:MX-1U-NoLED</footprint>
      <libsource lib="MX_Alps_Hybrid" part="MX-NoLED" description=""/>
      <sheetpath names="/Matrix/" tstamps="/604A8D0E/"/>
      <tstamp>605E0C34</tstamp>
    </comp>
    <comp ref="D9">
      <value>1N4148</value>
      <footprint>Diode_SMD:D_SOD-123</footprint>
      <datasheet>~</datasheet>
      <libsource lib="Device" part="D_Small" description="Diode, small symbol"/>
      <sheetpath names="/Matrix/" tstamps="/604A8D0E/"/>
      <tstamp>605E0C3E</tstamp>
    </comp>
    <comp ref="MX21">
      <value>Y</value>
      <footprint>MX_Alps_Hybrid:MX-1U-NoLED</footprint>
      <libsource lib="MX_Alps_Hybrid" part="MX-NoLED" description=""/>
      <sheetpath names="/Matrix/" tstamps="/604A8D0E/"/>
      <tstamp>605E0C49</tstamp>
    </comp>
    <comp ref="D21">
      <value>1N4148</value>
      <footprint>Diode_SMD:D_SOD-123</footprint>
      <datasheet>~</datasheet>
      <libsource lib="Device" part="D_Small" description="Diode, small symbol"/>
      <sheetpath names="/Matrix/" tstamps="/604A8D0E/"/>
      <tstamp>605E0C53</tstamp>
    </comp>
    <comp ref="MX22">
      <value>U</value>
      <footprint>MX_Alps_Hybrid:MX-1U-NoLED</footprint>
      <libsource lib="MX_Alps_Hybrid" part="MX-NoLED" description=""/>
      <sheetpath names="/Matrix/" tstamps="/604A8D0E/"/>
      <tstamp>605E0C5E</tstamp>
    </comp>
    <comp ref="D22">
      <value>1N4148</value>
      <footprint>Diode_SMD:D_SOD-123</footprint>
      <datasheet>~</datasheet>
      <libsource lib="Device" part="D_Small" description="Diode, small symbol"/>
      <sheetpath names="/Matrix/" tstamps="/604A8D0E/"/>
      <tstamp>605E0C68</tstamp>
    </comp>
    <comp ref="MX23">
      <value>I</value>
      <footprint>MX_Alps_Hybrid:MX-1U-NoLED</footprint>
      <libsource lib="MX_Alps_Hybrid" part="MX-NoLED" description=""/>
      <sheetpath names="/Matrix/" tstamps="/604A8D0E/"/>
      <tstamp>605E0C73</tstamp>
    </comp>
    <comp ref="D23">
      <value>1N4148</value>
      <footprint>Diode_SMD:D_SOD-123</footprint>
      <datasheet>~</datasheet>
      <libsource lib="Device" part="D_Small" description="Diode, small symbol"/>
      <sheetpath names="/Matrix/" tstamps="/604A8D0E/"/>
      <tstamp>605E0C7D</tstamp>
    </comp>
    <comp ref="MX35">
      <value>H</value>
      <footprint>MX_Alps_Hybrid:MX-1U-NoLED</footprint>
      <libsource lib="MX_Alps_Hybrid" part="MX-NoLED" description=""/>
      <sheetpath names="/Matrix/" tstamps="/604A8D0E/"/>
      <tstamp>605E0C88</tstamp>
    </comp>
    <comp ref="D35">
      <value>1N4148</value>
      <footprint>Diode_SMD:D_SOD-123</footprint>
      <datasheet>~</datasheet>
      <libsource lib="Device" part="D_Small" description="Diode, small symbol"/>
      <sheetpath names="/Matrix/" tstamps="/604A8D0E/"/>
      <tstamp>605E0C92</tstamp>
    </comp>
    <comp ref="MX36">
      <value>J</value>
      <footprint>MX_Alps_Hybrid:MX-1U-NoLED</footprint>
      <libsource lib="MX_Alps_Hybrid" part="MX-NoLED" description=""/>
      <sheetpath names="/Matrix/" tstamps="/604A8D0E/"/>
      <tstamp>605E0C9D</tstamp>
    </comp>
    <comp ref="D36">
      <value>1N4148</value>
      <footprint>Diode_SMD:D_SOD-123</footprint>
      <datasheet>~</datasheet>
      <libsource lib="Device" part="D_Small" description="Diode, small symbol"/>
      <sheetpath names="/Matrix/" tstamps="/604A8D0E/"/>
      <tstamp>605E0CA7</tstamp>
    </comp>
    <comp ref="MX37">
      <value>K</value>
      <footprint>MX_Alps_Hybrid:MX-1U-NoLED</footprint>
      <libsource lib="MX_Alps_Hybrid" part="MX-NoLED" description=""/>
      <sheetpath names="/Matrix/" tstamps="/604A8D0E/"/>
      <tstamp>605E0CB2</tstamp>
    </comp>
    <comp ref="D37">
      <value>1N4148</value>
      <footprint>Diode_SMD:D_SOD-123</footprint>
      <datasheet>~</datasheet>
      <libsource lib="Device" part="D_Small" description="Diode, small symbol"/>
      <sheetpath names="/Matrix/" tstamps="/604A8D0E/"/>
      <tstamp>605E0CBC</tstamp>
    </comp>
    <comp ref="MX10">
      <value>#9</value>
      <footprint>MX_Alps_Hybrid:MX-1U-NoLED</footprint>
      <libsource lib="MX_Alps_Hybrid" part="MX-NoLED" description=""/>
      <sheetpath names="/Matrix/" tstamps="/604A8D0E/"/>
      <tstamp>605E0CC7</tstamp>
    </comp>
    <comp ref="D10">
      <value>1N4148</value>
      <footprint>Diode_SMD:D_SOD-123</footprint>
      <datasheet>~</datasheet>
      <libsource lib="Device" part="D_Small" description="Diode, small symbol"/>
      <sheetpath names="/Matrix/" tstamps="/604A8D0E/"/>
      <tstamp>605E0CD1</tstamp>
    </comp>
    <comp ref="MX11">
      <value>#0</value>
      <footprint>MX_Alps_Hybrid:MX-1U-NoLED</footprint>
      <libsource lib="MX_Alps_Hybrid" part="MX-NoLED" description=""/>
      <sheetpath names="/Matrix/" tstamps="/604A8D0E/"/>
      <tstamp>605E0CDC</tstamp>
    </comp>
    <comp ref="D11">
      <value>1N4148</value>
      <footprint>Diode_SMD:D_SOD-123</footprint>
      <datasheet>~</datasheet>
      <libsource lib="Device" part="D_Small" description="Diode, small symbol"/>
      <sheetpath names="/Matrix/" tstamps="/604A8D0E/"/>
      <tstamp>605E0CE6</tstamp>
    </comp>
    <comp ref="MX12">
      <value>-_</value>
      <footprint>MX_Alps_Hybrid:MX-1U-NoLED</footprint>
      <libsource lib="MX_Alps_Hybrid" part="MX-NoLED" description=""/>
      <sheetpath names="/Matrix/" tstamps="/604A8D0E/"/>
      <tstamp>605E0CF1</tstamp>
    </comp>
    <comp ref="D12">
      <value>1N4148</value>
      <footprint>Diode_SMD:D_SOD-123</footprint>
      <datasheet>~</datasheet>
      <libsource lib="Device" part="D_Small" description="Diode, small symbol"/>
      <sheetpath names="/Matrix/" tstamps="/604A8D0E/"/>
      <tstamp>605E0CFB</tstamp>
    </comp>
    <comp ref="MX24">
      <value>O</value>
      <footprint>MX_Alps_Hybrid:MX-1U-NoLED</footprint>
      <libsource lib="MX_Alps_Hybrid" part="MX-NoLED" description=""/>
      <sheetpath names="/Matrix/" tstamps="/604A8D0E/"/>
      <tstamp>605E0D06</tstamp>
    </comp>
    <comp ref="D24">
      <value>1N4148</value>
      <footprint>Diode_SMD:D_SOD-123</footprint>
      <datasheet>~</datasheet>
      <libsource lib="Device" part="D_Small" description="Diode, small symbol"/>
      <sheetpath names="/Matrix/" tstamps="/604A8D0E/"/>
      <tstamp>605E0D10</tstamp>
    </comp>
    <comp ref="MX25">
      <value>P</value>
      <footprint>MX_Alps_Hybrid:MX-1U-NoLED</footprint>
      <libsource lib="MX_Alps_Hybrid" part="MX-NoLED" description=""/>
      <sheetpath names="/Matrix/" tstamps="/604A8D0E/"/>
      <tstamp>605E0D1B</tstamp>
    </comp>
    <comp ref="D25">
      <value>1N4148</value>
      <footprint>Diode_SMD:D_SOD-123</footprint>
      <datasheet>~</datasheet>
      <libsource lib="Device" part="D_Small" description="Diode, small symbol"/>
      <sheetpath names="/Matrix/" tstamps="/604A8D0E/"/>
      <tstamp>605E0D25</tstamp>
    </comp>
    <comp ref="MX26">
      <value>[{</value>
      <footprint>MX_Alps_Hybrid:MX-1U-NoLED</footprint>
      <libsource lib="MX_Alps_Hybrid" part="MX-NoLED" description=""/>
      <sheetpath names="/Matrix/" tstamps="/604A8D0E/"/>
      <tstamp>605E0D30</tstamp>
    </comp>
    <comp ref="D26">
      <value>1N4148</value>
      <footprint>Diode_SMD:D_SOD-123</footprint>
      <datasheet>~</datasheet>
      <libsource lib="Device" part="D_Small" description="Diode, small symbol"/>
      <sheetpath names="/Matrix/" tstamps="/604A8D0E/"/>
      <tstamp>605E0D3A</tstamp>
    </comp>
    <comp ref="MX38">
      <value>L</value>
      <footprint>MX_Alps_Hybrid:MX-1U-NoLED</footprint>
      <libsource lib="MX_Alps_Hybrid" part="MX-NoLED" description=""/>
      <sheetpath names="/Matrix/" tstamps="/604A8D0E/"/>
      <tstamp>605E0D45</tstamp>
    </comp>
    <comp ref="D38">
      <value>1N4148</value>
      <footprint>Diode_SMD:D_SOD-123</footprint>
      <datasheet>~</datasheet>
      <libsource lib="Device" part="D_Small" description="Diode, small symbol"/>
      <sheetpath names="/Matrix/" tstamps="/604A8D0E/"/>
      <tstamp>605E0D4F</tstamp>
    </comp>
    <comp ref="MX39">
      <value>;:</value>
      <footprint>MX_Alps_Hybrid:MX-1U-NoLED</footprint>
      <libsource lib="MX_Alps_Hybrid" part="MX-NoLED" description=""/>
      <sheetpath names="/Matrix/" tstamps="/604A8D0E/"/>
      <tstamp>605E0D5A</tstamp>
    </comp>
    <comp ref="D39">
      <value>1N4148</value>
      <footprint>Diode_SMD:D_SOD-123</footprint>
      <datasheet>~</datasheet>
      <libsource lib="Device" part="D_Small" description="Diode, small symbol"/>
      <sheetpath names="/Matrix/" tstamps="/604A8D0E/"/>
      <tstamp>605E0D64</tstamp>
    </comp>
    <comp ref="MX40">
      <value>'"</value>
      <footprint>MX_Alps_Hybrid:MX-1U-NoLED</footprint>
      <libsource lib="MX_Alps_Hybrid" part="MX-NoLED" description=""/>
      <sheetpath names="/Matrix/" tstamps="/604A8D0E/"/>
      <tstamp>605E0D6F</tstamp>
    </comp>
    <comp ref="D40">
      <value>1N4148</value>
      <footprint>Diode_SMD:D_SOD-123</footprint>
      <datasheet>~</datasheet>
      <libsource lib="Device" part="D_Small" description="Diode, small symbol"/>
      <sheetpath names="/Matrix/" tstamps="/604A8D0E/"/>
      <tstamp>605E0D79</tstamp>
    </comp>
    <comp ref="MX13">
      <value>=+</value>
      <footprint>MX_Alps_Hybrid:MX-1U-NoLED</footprint>
      <libsource lib="MX_Alps_Hybrid" part="MX-NoLED" description=""/>
      <sheetpath names="/Matrix/" tstamps="/604A8D0E/"/>
      <tstamp>606012AA</tstamp>
    </comp>
    <comp ref="D13">
      <value>1N4148</value>
      <footprint>Diode_SMD:D_SOD-123</footprint>
      <datasheet>~</datasheet>
      <libsource lib="Device" part="D_Small" description="Diode, small symbol"/>
      <sheetpath names="/Matrix/" tstamps="/604A8D0E/"/>
      <tstamp>606012C4</tstamp>
    </comp>
    <comp ref="MX14">
      <value>BSPC</value>
      <footprint>MX_Alps_Hybrid:MX-2U-NoLED</footprint>
      <libsource lib="MX_Alps_Hybrid" part="MX-NoLED" description=""/>
      <sheetpath names="/Matrix/" tstamps="/604A8D0E/"/>
      <tstamp>606012CF</tstamp>
    </comp>
    <comp ref="D14">
      <value>1N4148</value>
      <footprint>Diode_SMD:D_SOD-123</footprint>
      <datasheet>~</datasheet>
      <libsource lib="Device" part="D_Small" description="Diode, small symbol"/>
      <sheetpath names="/Matrix/" tstamps="/604A8D0E/"/>
      <tstamp>606012D9</tstamp>
    </comp>
    <comp ref="MX27">
      <value>]}</value>
      <footprint>MX_Alps_Hybrid:MX-1U-NoLED</footprint>
      <libsource lib="MX_Alps_Hybrid" part="MX-NoLED" description=""/>
      <sheetpath names="/Matrix/" tstamps="/604A8D0E/"/>
      <tstamp>606012F9</tstamp>
    </comp>
    <comp ref="D27">
      <value>1N4148</value>
      <footprint>Diode_SMD:D_SOD-123</footprint>
      <datasheet>~</datasheet>
      <libsource lib="Device" part="D_Small" description="Diode, small symbol"/>
      <sheetpath names="/Matrix/" tstamps="/604A8D0E/"/>
      <tstamp>60601303</tstamp>
    </comp>
    <comp ref="MX28">
      <value>\|</value>
      <footprint>MX_Alps_Hybrid:MX-1.5U-NoLED</footprint>
      <libsource lib="MX_Alps_Hybrid" part="MX-NoLED" description=""/>
      <sheetpath names="/Matrix/" tstamps="/604A8D0E/"/>
      <tstamp>6060130E</tstamp>
    </comp>
    <comp ref="D28">
      <value>1N4148</value>
      <footprint>Diode_SMD:D_SOD-123</footprint>
      <datasheet>~</datasheet>
      <libsource lib="Device" part="D_Small" description="Diode, small symbol"/>
      <sheetpath names="/Matrix/" tstamps="/604A8D0E/"/>
      <tstamp>60601318</tstamp>
    </comp>
    <comp ref="MX41">
      <value>ENTER</value>
      <footprint>MX_Alps_Hybrid:MX-2.25U-NoLED</footprint>
      <libsource lib="MX_Alps_Hybrid" part="MX-NoLED" description=""/>
      <sheetpath names="/Matrix/" tstamps="/604A8D0E/"/>
      <tstamp>6060134D</tstamp>
    </comp>
    <comp ref="D41">
      <value>1N4148</value>
      <footprint>Diode_SMD:D_SOD-123</footprint>
      <datasheet>~</datasheet>
      <libsource lib="Device" part="D_Small" description="Diode, small symbol"/>
      <sheetpath names="/Matrix/" tstamps="/604A8D0E/"/>
      <tstamp>60601357</tstamp>
    </comp>
    <comp ref="MX42">
      <value>LSHIFT</value>
      <footprint>MX_Alps_Hybrid:MX-2.25U-NoLED</footprint>
      <libsource lib="MX_Alps_Hybrid" part="MX-NoLED" description=""/>
      <sheetpath names="/Matrix/" tstamps="/604A8D0E/"/>
      <tstamp>6060D4C5</tstamp>
    </comp>
    <comp ref="D42">
      <value>1N4148</value>
      <footprint>Diode_SMD:D_SOD-123</footprint>
      <datasheet>~</datasheet>
      <libsource lib="Device" part="D_Small" description="Diode, small symbol"/>
      <sheetpath names="/Matrix/" tstamps="/604A8D0E/"/>
      <tstamp>6060D4CF</tstamp>
    </comp>
    <comp ref="MX43">
      <value>Z</value>
      <footprint>MX_Alps_Hybrid:MX-1U-NoLED</footprint>
      <libsource lib="MX_Alps_Hybrid" part="MX-NoLED" description=""/>
      <sheetpath names="/Matrix/" tstamps="/604A8D0E/"/>
      <tstamp>6060D4DA</tstamp>
    </comp>
    <comp ref="D43">
      <value>1N4148</value>
      <footprint>Diode_SMD:D_SOD-123</footprint>
      <datasheet>~</datasheet>
      <libsource lib="Device" part="D_Small" description="Diode, small symbol"/>
      <sheetpath names="/Matrix/" tstamps="/604A8D0E/"/>
      <tstamp>6060D4E4</tstamp>
    </comp>
    <comp ref="MX44">
      <value>X</value>
      <footprint>MX_Alps_Hybrid:MX-1U-NoLED</footprint>
      <libsource lib="MX_Alps_Hybrid" part="MX-NoLED" description=""/>
      <sheetpath names="/Matrix/" tstamps="/604A8D0E/"/>
      <tstamp>6060D4EF</tstamp>
    </comp>
    <comp ref="D44">
      <value>1N4148</value>
      <footprint>Diode_SMD:D_SOD-123</footprint>
      <datasheet>~</datasheet>
      <libsource lib="Device" part="D_Small" description="Diode, small symbol"/>
      <sheetpath names="/Matrix/" tstamps="/604A8D0E/"/>
      <tstamp>6060D4F9</tstamp>
    </comp>
    <comp ref="MX54">
      <value>LCTRL</value>
      <footprint>MX_Alps_Hybrid:MX-1.25U-NoLED</footprint>
      <libsource lib="MX_Alps_Hybrid" part="MX-NoLED" description=""/>
      <sheetpath names="/Matrix/" tstamps="/604A8D0E/"/>
      <tstamp>6060D504</tstamp>
    </comp>
    <comp ref="D54">
      <value>1N4148</value>
      <footprint>Diode_SMD:D_SOD-123</footprint>
      <datasheet>~</datasheet>
      <libsource lib="Device" part="D_Small" description="Diode, small symbol"/>
      <sheetpath names="/Matrix/" tstamps="/604A8D0E/"/>
      <tstamp>6060D50E</tstamp>
    </comp>
    <comp ref="MX55">
      <value>LCMD</value>
      <footprint>MX_Alps_Hybrid:MX-1.25U-NoLED</footprint>
      <libsource lib="MX_Alps_Hybrid" part="MX-NoLED" description=""/>
      <sheetpath names="/Matrix/" tstamps="/604A8D0E/"/>
      <tstamp>6060D519</tstamp>
    </comp>
    <comp ref="D55">
      <value>1N4148</value>
      <footprint>Diode_SMD:D_SOD-123</footprint>
      <datasheet>~</datasheet>
      <libsource lib="Device" part="D_Small" description="Diode, small symbol"/>
      <sheetpath names="/Matrix/" tstamps="/604A8D0E/"/>
      <tstamp>6060D523</tstamp>
    </comp>
    <comp ref="MX56">
      <value>LALT</value>
      <footprint>MX_Alps_Hybrid:MX-1.25U-NoLED</footprint>
      <libsource lib="MX_Alps_Hybrid" part="MX-NoLED" description=""/>
      <sheetpath names="/Matrix/" tstamps="/604A8D0E/"/>
      <tstamp>6060D52E</tstamp>
    </comp>
    <comp ref="D56">
      <value>1N4148</value>
      <footprint>Diode_SMD:D_SOD-123</footprint>
      <datasheet>~</datasheet>
      <libsource lib="Device" part="D_Small" description="Diode, small symbol"/>
      <sheetpath names="/Matrix/" tstamps="/604A8D0E/"/>
      <tstamp>6060D538</tstamp>
    </comp>
    <comp ref="MX45">
      <value>C</value>
      <footprint>MX_Alps_Hybrid:MX-1U-NoLED</footprint>
      <libsource lib="MX_Alps_Hybrid" part="MX-NoLED" description=""/>
      <sheetpath names="/Matrix/" tstamps="/604A8D0E/"/>
      <tstamp>6060D543</tstamp>
    </comp>
    <comp ref="D45">
      <value>1N4148</value>
      <footprint>Diode_SMD:D_SOD-123</footprint>
      <datasheet>~</datasheet>
      <libsource lib="Device" part="D_Small" description="Diode, small symbol"/>
      <sheetpath names="/Matrix/" tstamps="/604A8D0E/"/>
      <tstamp>6060D54D</tstamp>
    </comp>
    <comp ref="MX46">
      <value>V</value>
      <footprint>MX_Alps_Hybrid:MX-1U-NoLED</footprint>
      <libsource lib="MX_Alps_Hybrid" part="MX-NoLED" description=""/>
      <sheetpath names="/Matrix/" tstamps="/604A8D0E/"/>
      <tstamp>6060D558</tstamp>
    </comp>
    <comp ref="D46">
      <value>1N4148</value>
      <footprint>Diode_SMD:D_SOD-123</footprint>
      <datasheet>~</datasheet>
      <libsource lib="Device" part="D_Small" description="Diode, small symbol"/>
      <sheetpath names="/Matrix/" tstamps="/604A8D0E/"/>
      <tstamp>6060D562</tstamp>
    </comp>
    <comp ref="MX47">
      <value>B</value>
      <footprint>MX_Alps_Hybrid:MX-1U-NoLED</footprint>
      <libsource lib="MX_Alps_Hybrid" part="MX-NoLED" description=""/>
      <sheetpath names="/Matrix/" tstamps="/604A8D0E/"/>
      <tstamp>6060D56D</tstamp>
    </comp>
    <comp ref="D47">
      <value>1N4148</value>
      <footprint>Diode_SMD:D_SOD-123</footprint>
      <datasheet>~</datasheet>
      <libsource lib="Device" part="D_Small" description="Diode, small symbol"/>
      <sheetpath names="/Matrix/" tstamps="/604A8D0E/"/>
      <tstamp>6060D577</tstamp>
    </comp>
    <comp ref="MX48">
      <value>N</value>
      <footprint>MX_Alps_Hybrid:MX-1U-NoLED</footprint>
      <libsource lib="MX_Alps_Hybrid" part="MX-NoLED" description=""/>
      <sheetpath names="/Matrix/" tstamps="/604A8D0E/"/>
      <tstamp>6060D5C1</tstamp>
    </comp>
    <comp ref="D48">
      <value>1N4148</value>
      <footprint>Diode_SMD:D_SOD-123</footprint>
      <datasheet>~</datasheet>
      <libsource lib="Device" part="D_Small" description="Diode, small symbol"/>
      <sheetpath names="/Matrix/" tstamps="/604A8D0E/"/>
      <tstamp>6060D5CB</tstamp>
    </comp>
    <comp ref="MX49">
      <value>M</value>
      <footprint>MX_Alps_Hybrid:MX-1U-NoLED</footprint>
      <libsource lib="MX_Alps_Hybrid" part="MX-NoLED" description=""/>
      <sheetpath names="/Matrix/" tstamps="/604A8D0E/"/>
      <tstamp>6060D5D6</tstamp>
    </comp>
    <comp ref="D49">
      <value>1N4148</value>
      <footprint>Diode_SMD:D_SOD-123</footprint>
      <datasheet>~</datasheet>
      <libsource lib="Device" part="D_Small" description="Diode, small symbol"/>
      <sheetpath names="/Matrix/" tstamps="/604A8D0E/"/>
      <tstamp>6060D5E0</tstamp>
    </comp>
    <comp ref="MX50">
      <value>,&lt;</value>
      <footprint>MX_Alps_Hybrid:MX-1U-NoLED</footprint>
      <libsource lib="MX_Alps_Hybrid" part="MX-NoLED" description=""/>
      <sheetpath names="/Matrix/" tstamps="/604A8D0E/"/>
      <tstamp>6060D5EB</tstamp>
    </comp>
    <comp ref="D50">
      <value>1N4148</value>
      <footprint>Diode_SMD:D_SOD-123</footprint>
      <datasheet>~</datasheet>
      <libsource lib="Device" part="D_Small" description="Diode, small symbol"/>
      <sheetpath names="/Matrix/" tstamps="/604A8D0E/"/>
      <tstamp>6060D5F5</tstamp>
    </comp>
    <comp ref="MX57">
      <value>SPACE</value>
      <footprint>MX_Alps_Hybrid:MX-6.25U-ReversedStabilizers-NoLED</footprint>
      <libsource lib="MX_Alps_Hybrid" part="MX-NoLED" description=""/>
      <sheetpath names="/Matrix/" tstamps="/604A8D0E/"/>
      <tstamp>6060D600</tstamp>
    </comp>
    <comp ref="D57">
      <value>1N4148</value>
      <footprint>Diode_SMD:D_SOD-123</footprint>
      <datasheet>~</datasheet>
      <libsource lib="Device" part="D_Small" description="Diode, small symbol"/>
      <sheetpath names="/Matrix/" tstamps="/604A8D0E/"/>
      <tstamp>6060D60A</tstamp>
    </comp>
    <comp ref="MX51">
      <value>.&gt;</value>
      <footprint>MX_Alps_Hybrid:MX-1U-NoLED</footprint>
      <libsource lib="MX_Alps_Hybrid" part="MX-NoLED" description=""/>
      <sheetpath names="/Matrix/" tstamps="/604A8D0E/"/>
      <tstamp>6060D63F</tstamp>
    </comp>
    <comp ref="D51">
      <value>1N4148</value>
      <footprint>Diode_SMD:D_SOD-123</footprint>
      <datasheet>~</datasheet>
      <libsource lib="Device" part="D_Small" description="Diode, small symbol"/>
      <sheetpath names="/Matrix/" tstamps="/604A8D0E/"/>
      <tstamp>6060D649</tstamp>
    </comp>
    <comp ref="MX52">
      <value>/?</value>
      <footprint>MX_Alps_Hybrid:MX-1U-NoLED</footprint>
      <libsource lib="MX_Alps_Hybrid" part="MX-NoLED" description=""/>
      <sheetpath names="/Matrix/" tstamps="/604A8D0E/"/>
      <tstamp>6060D654</tstamp>
    </comp>
    <comp ref="D52">
      <value>1N4148</value>
      <footprint>Diode_SMD:D_SOD-123</footprint>
      <datasheet>~</datasheet>
      <libsource lib="Device" part="D_Small" description="Diode, small symbol"/>
      <sheetpath names="/Matrix/" tstamps="/604A8D0E/"/>
      <tstamp>6060D65E</tstamp>
    </comp>
    <comp ref="MX58">
      <value>RALT</value>
      <footprint>MX_Alps_Hybrid:MX-1.25U-NoLED</footprint>
      <libsource lib="MX_Alps_Hybrid" part="MX-NoLED" description=""/>
      <sheetpath names="/Matrix/" tstamps="/604A8D0E/"/>
      <tstamp>6060D693</tstamp>
    </comp>
    <comp ref="D58">
      <value>1N4148</value>
      <footprint>Diode_SMD:D_SOD-123</footprint>
      <datasheet>~</datasheet>
      <libsource lib="Device" part="D_Small" description="Diode, small symbol"/>
      <sheetpath names="/Matrix/" tstamps="/604A8D0E/"/>
      <tstamp>6060D69D</tstamp>
    </comp>
    <comp ref="MX59">
      <value>RCMD</value>
      <footprint>MX_Alps_Hybrid:MX-1.25U-NoLED</footprint>
      <libsource lib="MX_Alps_Hybrid" part="MX-NoLED" description=""/>
      <sheetpath names="/Matrix/" tstamps="/604A8D0E/"/>
      <tstamp>6060D6A8</tstamp>
    </comp>
    <comp ref="D59">
      <value>1N4148</value>
      <footprint>Diode_SMD:D_SOD-123</footprint>
      <datasheet>~</datasheet>
      <libsource lib="Device" part="D_Small" description="Diode, small symbol"/>
      <sheetpath names="/Matrix/" tstamps="/604A8D0E/"/>
      <tstamp>6060D6B2</tstamp>
    </comp>
    <comp ref="MX53">
      <value>RSHIFT</value>
      <footprint>MX_Alps_Hybrid:MX-2.75U-NoLED</footprint>
      <libsource lib="MX_Alps_Hybrid" part="MX-NoLED" description=""/>
      <sheetpath names="/Matrix/" tstamps="/604A8D0E/"/>
      <tstamp>6060D6D2</tstamp>
    </comp>
    <comp ref="D53">
      <value>1N4148</value>
      <footprint>Diode_SMD:D_SOD-123</footprint>
      <datasheet>~</datasheet>
      <libsource lib="Device" part="D_Small" description="Diode, small symbol"/>
      <sheetpath names="/Matrix/" tstamps="/604A8D0E/"/>
      <tstamp>6060D6DC</tstamp>
    </comp>
    <comp ref="MX60">
      <value>FN</value>
      <footprint>MX_Alps_Hybrid:MX-1.25U-NoLED</footprint>
      <libsource lib="MX_Alps_Hybrid" part="MX-NoLED" description=""/>
      <sheetpath names="/Matrix/" tstamps="/604A8D0E/"/>
      <tstamp>6060D6FC</tstamp>
    </comp>
    <comp ref="D60">
      <value>1N4148</value>
      <footprint>Diode_SMD:D_SOD-123</footprint>
      <datasheet>~</datasheet>
      <libsource lib="Device" part="D_Small" description="Diode, small symbol"/>
      <sheetpath names="/Matrix/" tstamps="/604A8D0E/"/>
      <tstamp>6060D706</tstamp>
    </comp>
    <comp ref="MX61">
      <value>RCTRL</value>
      <footprint>MX_Alps_Hybrid:MX-1.25U-NoLED</footprint>
      <libsource lib="MX_Alps_Hybrid" part="MX-NoLED" description=""/>
      <sheetpath names="/Matrix/" tstamps="/604A8D0E/"/>
      <tstamp>6060D711</tstamp>
    </comp>
    <comp ref="D61">
      <value>1N4148</value>
      <footprint>Diode_SMD:D_SOD-123</footprint>
      <datasheet>~</datasheet>
      <libsource lib="Device" part="D_Small" description="Diode, small symbol"/>
      <sheetpath names="/Matrix/" tstamps="/604A8D0E/"/>
      <tstamp>6060D71B</tstamp>
    </comp>
  </components>
  <libparts>
    <libpart lib="Connector" part="AVR-ISP-6">
      <description>Atmel 6-pin ISP connector</description>
      <docs> ~</docs>
      <footprints>
        <fp>IDC?Header*2x03*</fp>
        <fp>Pin?Header*2x03*</fp>
      </footprints>
      <fields>
        <field name="Reference">J</field>
        <field name="Value">AVR-ISP-6</field>
      </fields>
      <pins>
        <pin num="1" name="MISO" type="passive"/>
        <pin num="2" name="VCC" type="passive"/>
        <pin num="3" name="SCK" type="passive"/>
        <pin num="4" name="MOSI" type="passive"/>
        <pin num="5" name="~RST" type="passive"/>
        <pin num="6" name="GND" type="passive"/>
      </pins>
    </libpart>
    <libpart lib="Connector" part="USB_C_Receptacle_USB2.0">
      <description>USB 2.0-only Type-C Receptacle connector</description>
      <docs>https://www.usb.org/sites/default/files/documents/usb_type-c.zip</docs>
      <footprints>
        <fp>USB*C*Receptacle*</fp>
      </footprints>
      <fields>
        <field name="Reference">J</field>
        <field name="Value">USB_C_Receptacle_USB2.0</field>
      </fields>
      <pins>
        <pin num="A1" name="GND" type="passive"/>
        <pin num="A4" name="VBUS" type="passive"/>
        <pin num="A5" name="CC1" type="BiDi"/>
        <pin num="A6" name="D+" type="BiDi"/>
        <pin num="A7" name="D-" type="BiDi"/>
        <pin num="A8" name="SBU1" type="BiDi"/>
        <pin num="A9" name="VBUS" type="passive"/>
        <pin num="A12" name="GND" type="passive"/>
        <pin num="B1" name="GND" type="passive"/>
        <pin num="B4" name="VBUS" type="passive"/>
        <pin num="B5" name="CC2" type="BiDi"/>
        <pin num="B6" name="D+" type="BiDi"/>
        <pin num="B7" name="D-" type="BiDi"/>
        <pin num="B8" name="SBU2" type="BiDi"/>
        <pin num="B9" name="VBUS" type="passive"/>
        <pin num="B12" name="GND" type="passive"/>
        <pin num="S1" name="SHIELD" type="passive"/>
      </pins>
    </libpart>
    <libpart lib="Device" part="C_Small">
      <description>Unpolarized capacitor, small symbol</description>
      <docs>~</docs>
      <footprints>
        <fp>C_*</fp>
      </footprints>
      <fields>
        <field name="Reference">C</field>
        <field name="Value">C_Small</field>
      </fields>
      <pins>
        <pin num="1" name="~" type="passive"/>
        <pin num="2" name="~" type="passive"/>
      </pins>
    </libpart>
    <libpart lib="Device" part="Crystal_GND24_Small">
      <description>Four pin crystal, GND on pins 2 and 4, small symbol</description>
      <docs>~</docs>
      <footprints>
        <fp>Crystal*</fp>
      </footprints>
      <fields>
        <field name="Reference">Y</field>
        <field name="Value">Crystal_GND24_Small</field>
      </fields>
      <pins>
        <pin num="1" name="1" type="passive"/>
        <pin num="2" name="2" type="passive"/>
        <pin num="3" name="3" type="passive"/>
        <pin num="4" name="4" type="passive"/>
      </pins>
    </libpart>
    <libpart lib="Device" part="D_Small">
      <description>Diode, small symbol</description>
      <docs>~</docs>
      <footprints>
        <fp>TO-???*</fp>
        <fp>*_Diode_*</fp>
        <fp>*SingleDiode*</fp>
        <fp>D_*</fp>
      </footprints>
      <fields>
        <field name="Reference">D</field>
        <field name="Value">D_Small</field>
      </fields>
      <pins>
        <pin num="1" name="K" type="passive"/>
        <pin num="2" name="A" type="passive"/>
      </pins>
    </libpart>
    <libpart lib="Device" part="Polyfuse_Small">
      <description>Resettable fuse, polymeric positive temperature coefficient, small symbol</description>
      <docs>~</docs>
      <footprints>
        <fp>*polyfuse*</fp>
        <fp>*PTC*</fp>
      </footprints>
      <fields>
        <field name="Reference">F</field>
        <field name="Value">Polyfuse_Small</field>
      </fields>
      <pins>
        <pin num="1" name="~" type="passive"/>
        <pin num="2" name="~" type="passive"/>
      </pins>
    </libpart>
    <libpart lib="Device" part="R_Small">
      <description>Resistor, small symbol</description>
      <docs>~</docs>
      <footprints>
        <fp>R_*</fp>
      </footprints>
      <fields>
        <field name="Reference">R</field>
        <field name="Value">R_Small</field>
      </fields>
      <pins>
        <pin num="1" name="~" type="passive"/>
        <pin num="2" name="~" type="passive"/>
      </pins>
    </libpart>
    <libpart lib="MCU_Microchip_ATmega" part="ATmega16U4-AU">
      <aliases>
        <alias>ATmega16U4RC-AU</alias>
        <alias>ATmega32U4-AU</alias>
        <alias>ATmega32U4RC-AU</alias>
      </aliases>
      <description>16MHz, 16kB Flash, 1.25kB SRAM, 512B EEPROM, USB 2.0, TQFP-44</description>
      <docs>http://ww1.microchip.com/downloads/en/DeviceDoc/Atmel-7766-8-bit-AVR-ATmega16U4-32U4_Datasheet.pdf</docs>
      <footprints>
        <fp>TQFP*10x10mm*P0.8mm*</fp>
      </footprints>
      <fields>
        <field name="Reference">U</field>
        <field name="Value">ATmega16U4-AU</field>
        <field name="Footprint">Package_QFP:TQFP-44_10x10mm_P0.8mm</field>
      </fields>
      <pins>
        <pin num="1" name="PE6" type="BiDi"/>
        <pin num="2" name="UVCC" type="power_in"/>
        <pin num="3" name="D-" type="BiDi"/>
        <pin num="4" name="D+" type="BiDi"/>
        <pin num="5" name="UGND" type="passive"/>
        <pin num="6" name="UCAP" type="passive"/>
        <pin num="7" name="VBUS" type="input"/>
        <pin num="8" name="PB0" type="BiDi"/>
        <pin num="9" name="PB1" type="BiDi"/>
        <pin num="10" name="PB2" type="BiDi"/>
        <pin num="11" name="PB3" type="BiDi"/>
        <pin num="12" name="PB7" type="BiDi"/>
        <pin num="13" name="~RESET" type="input"/>
        <pin num="14" name="VCC" type="power_in"/>
        <pin num="15" name="GND" type="power_in"/>
        <pin num="16" name="XTAL2" type="output"/>
        <pin num="17" name="XTAL1" type="input"/>
        <pin num="18" name="PD0" type="BiDi"/>
        <pin num="19" name="PD1" type="BiDi"/>
        <pin num="20" name="PD2" type="BiDi"/>
        <pin num="21" name="PD3" type="BiDi"/>
        <pin num="22" name="PD5" type="BiDi"/>
        <pin num="23" name="GND" type="passive"/>
        <pin num="24" name="AVCC" type="power_in"/>
        <pin num="25" name="PD4" type="BiDi"/>
        <pin num="26" name="PD6" type="BiDi"/>
        <pin num="27" name="PD7" type="BiDi"/>
        <pin num="28" name="PB4" type="BiDi"/>
        <pin num="29" name="PB5" type="BiDi"/>
        <pin num="30" name="PB6" type="BiDi"/>
        <pin num="31" name="PC6" type="BiDi"/>
        <pin num="32" name="PC7" type="BiDi"/>
        <pin num="33" name="~HWB~/PE2" type="BiDi"/>
        <pin num="34" name="VCC" type="passive"/>
        <pin num="35" name="GND" type="passive"/>
        <pin num="36" name="PF7" type="BiDi"/>
        <pin num="37" name="PF6" type="BiDi"/>
        <pin num="38" name="PF5" type="BiDi"/>
        <pin num="39" name="PF4" type="BiDi"/>
        <pin num="40" name="PF1" type="BiDi"/>
        <pin num="41" name="PF0" type="BiDi"/>
        <pin num="42" name="AREF" type="passive"/>
        <pin num="43" name="GND" type="passive"/>
        <pin num="44" name="AVCC" type="passive"/>
      </pins>
    </libpart>
    <libpart lib="MX_Alps_Hybrid" part="MX-NoLED">
      <fields>
        <field name="Reference">MX</field>
        <field name="Value">MX-NoLED</field>
      </fields>
      <pins>
        <pin num="1" name="COL" type="passive"/>
        <pin num="2" name="ROW" type="passive"/>
      </pins>
    </libpart>
    <libpart lib="Switch" part="SW_Push">
      <description>Push button switch, generic, two pins</description>
      <docs>~</docs>
      <fields>
        <field name="Reference">SW</field>
        <field name="Value">SW_Push</field>
      </fields>
      <pins>
        <pin num="1" name="1" type="passive"/>
        <pin num="2" name="2" type="passive"/>
      </pins>
    </libpart>
    <libpart lib="random-keyboard-parts" part="PRTR5V0U2X">
      <fields>
        <field name="Reference">U</field>
        <field name="Value">PRTR5V0U2X</field>
      </fields>
      <pins>
        <pin num="1" name="GND" type="input"/>
        <pin num="2" name="IO1" type="input"/>
        <pin num="3" name="IO2" type="input"/>
        <pin num="4" name="VCC" type="input"/>
      </pins>
    </libpart>
  </libparts>
  <libraries>
    <library logical="Connector">
      <uri>C:\Program Files\KiCad\share\kicad\library/Connector.lib</uri>
    </library>
    <library logical="Device">
      <uri>C:\Program Files\KiCad\share\kicad\library/Device.lib</uri>
    </library>
    <library logical="MCU_Microchip_ATmega">
      <uri>C:\Program Files\KiCad\share\kicad\library/MCU_Microchip_ATmega.lib</uri>
    </library>
    <library logical="MX_Alps_Hybrid">
      <uri>E:\HOTSHOT_keyboard_60_NoLED\SCHEMATICS &amp; PCB/MX_Alps_Hybrid/Schematic Library/MX_Alps_Hybrid.lib</uri>
    </library>
    <library logical="Switch">
      <uri>C:\Program Files\KiCad\share\kicad\library/Switch.lib</uri>
    </library>
    <library logical="random-keyboard-parts">
      <uri>E:\HOTSHOT_keyboard_60_NoLED\SCHEMATICS &amp; PCB/random-keyboard-parts.pretty/Schematic Library/random-keyboard-parts.lib</uri>
    </library>
  </libraries>
  <nets>
    <net code="1" name="/COL10">
      <node ref="MX25" pin="1"/>
      <node ref="MX52" pin="1"/>
      <node ref="MX59" pin="1"/>
      <node ref="MX11" pin="1"/>
      <node ref="MX39" pin="1"/>
      <node ref="U1" pin="8"/>
    </net>
    <net code="2" name="/COL9">
      <node ref="MX24" pin="1"/>
      <node ref="MX10" pin="1"/>
      <node ref="MX38" pin="1"/>
      <node ref="MX51" pin="1"/>
      <node ref="U1" pin="12"/>
      <node ref="MX58" pin="1"/>
    </net>
    <net code="3" name="/COL8">
      <node ref="MX50" pin="1"/>
      <node ref="MX9" pin="1"/>
      <node ref="MX37" pin="1"/>
      <node ref="U1" pin="41"/>
      <node ref="MX23" pin="1"/>
    </net>
    <net code="4" name="/COL7">
      <node ref="MX8" pin="1"/>
      <node ref="MX36" pin="1"/>
      <node ref="MX49" pin="1"/>
      <node ref="U1" pin="39"/>
      <node ref="MX22" pin="1"/>
    </net>
    <net code="5" name="/COL6">
      <node ref="MX35" pin="1"/>
      <node ref="MX21" pin="1"/>
      <node ref="MX7" pin="1"/>
      <node ref="U1" pin="32"/>
      <node ref="MX48" pin="1"/>
    </net>
    <net code="6" name="/COL5">
      <node ref="MX20" pin="1"/>
      <node ref="MX34" pin="1"/>
      <node ref="U1" pin="26"/>
      <node ref="MX57" pin="1"/>
      <node ref="MX47" pin="1"/>
      <node ref="MX6" pin="1"/>
    </net>
    <net code="7" name="/COL3">
      <node ref="MX18" pin="1"/>
      <node ref="U1" pin="30"/>
      <node ref="MX45" pin="1"/>
      <node ref="MX4" pin="1"/>
      <node ref="MX32" pin="1"/>
    </net>
    <net code="8" name="/COL11">
      <node ref="U1" pin="18"/>
      <node ref="MX60" pin="1"/>
      <node ref="MX26" pin="1"/>
      <node ref="MX12" pin="1"/>
      <node ref="MX40" pin="1"/>
    </net>
    <net code="9" name="/COL13">
      <node ref="MX14" pin="1"/>
      <node ref="MX41" pin="1"/>
      <node ref="U1" pin="19"/>
      <node ref="MX53" pin="1"/>
      <node ref="MX61" pin="1"/>
      <node ref="MX28" pin="1"/>
    </net>
    <net code="10" name="/COL12">
      <node ref="MX27" pin="1"/>
      <node ref="MX13" pin="1"/>
      <node ref="U1" pin="40"/>
    </net>
    <net code="11" name="/ROW4">
      <node ref="D57" pin="1"/>
      <node ref="D55" pin="1"/>
      <node ref="U1" pin="25"/>
      <node ref="D54" pin="1"/>
      <node ref="D60" pin="1"/>
      <node ref="D61" pin="1"/>
      <node ref="D56" pin="1"/>
      <node ref="D59" pin="1"/>
      <node ref="D58" pin="1"/>
    </net>
    <net code="12" name="/COL0">
      <node ref="MX29" pin="1"/>
      <node ref="MX15" pin="1"/>
      <node ref="MX1" pin="1"/>
      <node ref="U1" pin="27"/>
      <node ref="MX54" pin="1"/>
      <node ref="MX42" pin="1"/>
    </net>
    <net code="13" name="/ROW2">
      <node ref="D40" pin="1"/>
      <node ref="D39" pin="1"/>
      <node ref="D29" pin="1"/>
      <node ref="D41" pin="1"/>
      <node ref="D34" pin="1"/>
      <node ref="U1" pin="37"/>
      <node ref="D32" pin="1"/>
      <node ref="D37" pin="1"/>
      <node ref="D36" pin="1"/>
      <node ref="D30" pin="1"/>
      <node ref="D31" pin="1"/>
      <node ref="D38" pin="1"/>
      <node ref="D35" pin="1"/>
      <node ref="D33" pin="1"/>
    </net>
    <net code="14" name="/ROW0">
      <node ref="D1" pin="1"/>
      <node ref="D5" pin="1"/>
      <node ref="D14" pin="1"/>
      <node ref="D2" pin="1"/>
      <node ref="D3" pin="1"/>
      <node ref="D6" pin="1"/>
      <node ref="D13" pin="1"/>
      <node ref="D10" pin="1"/>
      <node ref="D7" pin="1"/>
      <node ref="D8" pin="1"/>
      <node ref="D4" pin="1"/>
      <node ref="D9" pin="1"/>
      <node ref="D11" pin="1"/>
      <node ref="D12" pin="1"/>
      <node ref="U1" pin="38"/>
    </net>
    <net code="15" name="/COL2">
      <node ref="MX56" pin="1"/>
      <node ref="MX44" pin="1"/>
      <node ref="MX31" pin="1"/>
      <node ref="MX3" pin="1"/>
      <node ref="U1" pin="29"/>
      <node ref="MX17" pin="1"/>
    </net>
    <net code="16" name="/COL1">
      <node ref="MX2" pin="1"/>
      <node ref="MX30" pin="1"/>
      <node ref="MX16" pin="1"/>
      <node ref="MX55" pin="1"/>
      <node ref="U1" pin="28"/>
      <node ref="MX43" pin="1"/>
    </net>
    <net code="17" name="/COL4">
      <node ref="U1" pin="31"/>
      <node ref="MX46" pin="1"/>
      <node ref="MX33" pin="1"/>
      <node ref="MX5" pin="1"/>
      <node ref="MX19" pin="1"/>
    </net>
    <net code="18" name="Net-(R2-Pad1)">
      <node ref="U1" pin="33"/>
      <node ref="R2" pin="1"/>
    </net>
    <net code="19" name="/ROW3">
      <node ref="D52" pin="1"/>
      <node ref="D53" pin="1"/>
      <node ref="D44" pin="1"/>
      <node ref="D50" pin="1"/>
      <node ref="D49" pin="1"/>
      <node ref="D51" pin="1"/>
      <node ref="D46" pin="1"/>
      <node ref="D47" pin="1"/>
      <node ref="D48" pin="1"/>
      <node ref="U1" pin="1"/>
      <node ref="D42" pin="1"/>
      <node ref="D45" pin="1"/>
      <node ref="D43" pin="1"/>
    </net>
    <net code="20" name="/RESET">
      <node ref="U1" pin="13"/>
      <node ref="SW1" pin="2"/>
      <node ref="R1" pin="1"/>
      <node ref="J1" pin="5"/>
    </net>
    <net code="21" name="/SCK">
      <node ref="U1" pin="9"/>
      <node ref="J1" pin="3"/>
    </net>
    <net code="22" name="/MOSI">
      <node ref="U1" pin="10"/>
      <node ref="J1" pin="4"/>
    </net>
    <net code="23" name="/MISO">
      <node ref="J1" pin="1"/>
      <node ref="U1" pin="11"/>
    </net>
    <net code="24" name="Net-(C3-Pad1)">
      <node ref="U1" pin="6"/>
      <node ref="C3" pin="1"/>
    </net>
    <net code="25" name="Net-(U1-Pad42)">
      <node ref="U1" pin="42"/>
    </net>
    <net code="26" name="/ROW1">
      <node ref="D28" pin="1"/>
      <node ref="D16" pin="1"/>
      <node ref="D26" pin="1"/>
      <node ref="D25" pin="1"/>
      <node ref="D24" pin="1"/>
      <node ref="D17" pin="1"/>
      <node ref="D18" pin="1"/>
      <node ref="D19" pin="1"/>
      <node ref="D15" pin="1"/>
      <node ref="D23" pin="1"/>
      <node ref="D21" pin="1"/>
      <node ref="D22" pin="1"/>
      <node ref="U1" pin="36"/>
      <node ref="D27" pin="1"/>
      <node ref="D20" pin="1"/>
    </net>
    <net code="27" name="+5V">
      <node ref="U1" pin="2"/>
      <node ref="U1" pin="14"/>
      <node ref="R1" pin="2"/>
      <node ref="F1" pin="1"/>
      <node ref="J1" pin="2"/>
      <node ref="U1" pin="34"/>
      <node ref="U1" pin="7"/>
      <node ref="U1" pin="24"/>
      <node ref="U1" pin="44"/>
      <node ref="C4" pin="1"/>
      <node ref="C8" pin="1"/>
      <node ref="C7" pin="1"/>
      <node ref="C5" pin="1"/>
      <node ref="C6" pin="1"/>
    </net>
    <net code="28" name="Net-(U1-Pad20)">
      <node ref="U1" pin="20"/>
    </net>
    <net code="29" name="Net-(U1-Pad21)">
      <node ref="U1" pin="21"/>
    </net>
    <net code="30" name="Net-(U1-Pad22)">
      <node ref="U1" pin="22"/>
    </net>
    <net code="31" name="VCC">
      <node ref="U2" pin="4"/>
      <node ref="F1" pin="2"/>
      <node ref="J2" pin="A9"/>
      <node ref="J2" pin="A4"/>
      <node ref="J2" pin="B4"/>
      <node ref="J2" pin="B9"/>
    </net>
    <net code="32" name="/XTAL2">
      <node ref="C2" pin="1"/>
      <node ref="Y1" pin="3"/>
      <node ref="U1" pin="16"/>
    </net>
    <net code="33" name="GND">
      <node ref="J2" pin="B1"/>
      <node ref="J2" pin="B12"/>
      <node ref="C4" pin="2"/>
      <node ref="R2" pin="2"/>
      <node ref="J1" pin="6"/>
      <node ref="U2" pin="1"/>
      <node ref="J2" pin="A1"/>
      <node ref="J2" pin="S1"/>
      <node ref="R5" pin="2"/>
      <node ref="U1" pin="5"/>
      <node ref="U1" pin="43"/>
      <node ref="R6" pin="2"/>
      <node ref="J2" pin="A12"/>
      <node ref="U1" pin="35"/>
      <node ref="SW1" pin="1"/>
      <node ref="U1" pin="15"/>
      <node ref="C3" pin="2"/>
      <node ref="Y1" pin="4"/>
      <node ref="C2" pin="2"/>
      <node ref="C1" pin="2"/>
      <node ref="U1" pin="23"/>
      <node ref="Y1" pin="2"/>
      <node ref="C6" pin="2"/>
      <node ref="C5" pin="2"/>
      <node ref="C7" pin="2"/>
      <node ref="C8" pin="2"/>
    </net>
    <net code="34" name="/D+">
      <node ref="R4" pin="1"/>
      <node ref="U1" pin="4"/>
    </net>
    <net code="35" name="/XTAL1">
      <node ref="C1" pin="1"/>
      <node ref="Y1" pin="1"/>
      <node ref="U1" pin="17"/>
    </net>
    <net code="36" name="Net-(J2-PadA5)">
      <node ref="R5" pin="1"/>
      <node ref="J2" pin="A5"/>
    </net>
    <net code="37" name="Net-(J2-PadB5)">
      <node ref="R6" pin="1"/>
      <node ref="J2" pin="B5"/>
    </net>
    <net code="38" name="/D-">
      <node ref="U1" pin="3"/>
      <node ref="R3" pin="1"/>
    </net>
    <net code="39" name="Net-(J2-PadB8)">
      <node ref="J2" pin="B8"/>
    </net>
    <net code="40" name="/DD+">
      <node ref="J2" pin="B6"/>
      <node ref="U2" pin="2"/>
      <node ref="J2" pin="A6"/>
      <node ref="R4" pin="2"/>
    </net>
    <net code="41" name="Net-(J2-PadA8)">
      <node ref="J2" pin="A8"/>
    </net>
    <net code="42" name="/DD-">
      <node ref="J2" pin="A7"/>
      <node ref="J2" pin="B7"/>
      <node ref="U2" pin="3"/>
      <node ref="R3" pin="2"/>
    </net>
    <net code="43" name="Net-(D53-Pad2)">
      <node ref="D53" pin="2"/>
      <node ref="MX53" pin="2"/>
    </net>
    <net code="44" name="Net-(D60-Pad2)">
      <node ref="MX60" pin="2"/>
      <node ref="D60" pin="2"/>
    </net>
    <net code="45" name="Net-(D61-Pad2)">
      <node ref="MX61" pin="2"/>
      <node ref="D61" pin="2"/>
    </net>
    <net code="46" name="Net-(D52-Pad2)">
      <node ref="D52" pin="2"/>
      <node ref="MX52" pin="2"/>
    </net>
    <net code="47" name="Net-(D58-Pad2)">
      <node ref="D58" pin="2"/>
      <node ref="MX58" pin="2"/>
    </net>
    <net code="48" name="Net-(D59-Pad2)">
      <node ref="MX59" pin="2"/>
      <node ref="D59" pin="2"/>
    </net>
    <net code="49" name="Net-(D7-Pad2)">
      <node ref="D7" pin="2"/>
      <node ref="MX7" pin="2"/>
    </net>
    <net code="50" name="Net-(D34-Pad2)">
      <node ref="MX34" pin="2"/>
      <node ref="D34" pin="2"/>
    </net>
    <net code="51" name="Net-(D8-Pad2)">
      <node ref="MX8" pin="2"/>
      <node ref="D8" pin="2"/>
    </net>
    <net code="52" name="Net-(D19-Pad2)">
      <node ref="MX19" pin="2"/>
      <node ref="D19" pin="2"/>
    </net>
    <net code="53" name="Net-(D20-Pad2)">
      <node ref="MX20" pin="2"/>
      <node ref="D20" pin="2"/>
    </net>
    <net code="54" name="Net-(D9-Pad2)">
      <node ref="MX9" pin="2"/>
      <node ref="D9" pin="2"/>
    </net>
    <net code="55" name="Net-(D32-Pad2)">
      <node ref="MX32" pin="2"/>
      <node ref="D32" pin="2"/>
    </net>
    <net code="56" name="Net-(D33-Pad2)">
      <node ref="MX33" pin="2"/>
      <node ref="D33" pin="2"/>
    </net>
    <net code="57" name="Net-(D36-Pad2)">
      <node ref="MX36" pin="2"/>
      <node ref="D36" pin="2"/>
    </net>
    <net code="58" name="Net-(D35-Pad2)">
      <node ref="MX35" pin="2"/>
      <node ref="D35" pin="2"/>
    </net>
    <net code="59" name="Net-(D37-Pad2)">
      <node ref="D37" pin="2"/>
      <node ref="MX37" pin="2"/>
    </net>
    <net code="60" name="Net-(D21-Pad2)">
      <node ref="MX21" pin="2"/>
      <node ref="D21" pin="2"/>
    </net>
    <net code="61" name="Net-(D22-Pad2)">
      <node ref="MX22" pin="2"/>
      <node ref="D22" pin="2"/>
    </net>
    <net code="62" name="Net-(D23-Pad2)">
      <node ref="MX23" pin="2"/>
      <node ref="D23" pin="2"/>
    </net>
    <net code="63" name="Net-(D15-Pad2)">
      <node ref="D15" pin="2"/>
      <node ref="MX15" pin="2"/>
    </net>
    <net code="64" name="Net-(D16-Pad2)">
      <node ref="D16" pin="2"/>
      <node ref="MX16" pin="2"/>
    </net>
    <net code="65" name="Net-(D17-Pad2)">
      <node ref="MX17" pin="2"/>
      <node ref="D17" pin="2"/>
    </net>
    <net code="66" name="Net-(D29-Pad2)">
      <node ref="MX29" pin="2"/>
      <node ref="D29" pin="2"/>
    </net>
    <net code="67" name="Net-(D1-Pad2)">
      <node ref="D1" pin="2"/>
      <node ref="MX1" pin="2"/>
    </net>
    <net code="68" name="Net-(D2-Pad2)">
      <node ref="MX2" pin="2"/>
      <node ref="D2" pin="2"/>
    </net>
    <net code="69" name="Net-(D3-Pad2)">
      <node ref="MX3" pin="2"/>
      <node ref="D3" pin="2"/>
    </net>
    <net code="70" name="Net-(D5-Pad2)">
      <node ref="MX5" pin="2"/>
      <node ref="D5" pin="2"/>
    </net>
    <net code="71" name="Net-(D6-Pad2)">
      <node ref="MX6" pin="2"/>
      <node ref="D6" pin="2"/>
    </net>
    <net code="72" name="Net-(D18-Pad2)">
      <node ref="MX18" pin="2"/>
      <node ref="D18" pin="2"/>
    </net>
    <net code="73" name="Net-(D30-Pad2)">
      <node ref="D30" pin="2"/>
      <node ref="MX30" pin="2"/>
    </net>
    <net code="74" name="Net-(D31-Pad2)">
      <node ref="MX31" pin="2"/>
      <node ref="D31" pin="2"/>
    </net>
    <net code="75" name="Net-(D4-Pad2)">
      <node ref="MX4" pin="2"/>
      <node ref="D4" pin="2"/>
    </net>
    <net code="76" name="Net-(D54-Pad2)">
      <node ref="MX54" pin="2"/>
      <node ref="D54" pin="2"/>
    </net>
    <net code="77" name="Net-(D55-Pad2)">
      <node ref="D55" pin="2"/>
      <node ref="MX55" pin="2"/>
    </net>
    <net code="78" name="Net-(D56-Pad2)">
      <node ref="D56" pin="2"/>
      <node ref="MX56" pin="2"/>
    </net>
    <net code="79" name="Net-(D45-Pad2)">
      <node ref="MX45" pin="2"/>
      <node ref="D45" pin="2"/>
    </net>
    <net code="80" name="Net-(D43-Pad2)">
      <node ref="MX43" pin="2"/>
      <node ref="D43" pin="2"/>
    </net>
    <net code="81" name="Net-(D42-Pad2)">
      <node ref="D42" pin="2"/>
      <node ref="MX42" pin="2"/>
    </net>
    <net code="82" name="Net-(D44-Pad2)">
      <node ref="MX44" pin="2"/>
      <node ref="D44" pin="2"/>
    </net>
    <net code="83" name="Net-(D49-Pad2)">
      <node ref="MX49" pin="2"/>
      <node ref="D49" pin="2"/>
    </net>
    <net code="84" name="Net-(D50-Pad2)">
      <node ref="D50" pin="2"/>
      <node ref="MX50" pin="2"/>
    </net>
    <net code="85" name="Net-(D57-Pad2)">
      <node ref="D57" pin="2"/>
      <node ref="MX57" pin="2"/>
    </net>
    <net code="86" name="Net-(D51-Pad2)">
      <node ref="D51" pin="2"/>
      <node ref="MX51" pin="2"/>
    </net>
    <net code="87" name="Net-(D47-Pad2)">
      <node ref="MX47" pin="2"/>
      <node ref="D47" pin="2"/>
    </net>
    <net code="88" name="Net-(D46-Pad2)">
      <node ref="D46" pin="2"/>
      <node ref="MX46" pin="2"/>
    </net>
    <net code="89" name="Net-(D48-Pad2)">
      <node ref="D48" pin="2"/>
      <node ref="MX48" pin="2"/>
    </net>
    <net code="90" name="Net-(D25-Pad2)">
      <node ref="D25" pin="2"/>
      <node ref="MX25" pin="2"/>
    </net>
    <net code="91" name="Net-(D26-Pad2)">
      <node ref="D26" pin="2"/>
      <node ref="MX26" pin="2"/>
    </net>
    <net code="92" name="Net-(D24-Pad2)">
      <node ref="MX24" pin="2"/>
      <node ref="D24" pin="2"/>
    </net>
    <net code="93" name="Net-(D38-Pad2)">
      <node ref="MX38" pin="2"/>
      <node ref="D38" pin="2"/>
    </net>
    <net code="94" name="Net-(D10-Pad2)">
      <node ref="D10" pin="2"/>
      <node ref="MX10" pin="2"/>
    </net>
    <net code="95" name="Net-(D11-Pad2)">
      <node ref="D11" pin="2"/>
      <node ref="MX11" pin="2"/>
    </net>
    <net code="96" name="Net-(D12-Pad2)">
      <node ref="D12" pin="2"/>
      <node ref="MX12" pin="2"/>
    </net>
    <net code="97" name="Net-(D14-Pad2)">
      <node ref="D14" pin="2"/>
      <node ref="MX14" pin="2"/>
    </net>
    <net code="98" name="Net-(D27-Pad2)">
      <node ref="MX27" pin="2"/>
      <node ref="D27" pin="2"/>
    </net>
    <net code="99" name="Net-(D28-Pad2)">
      <node ref="MX28" pin="2"/>
      <node ref="D28" pin="2"/>
    </net>
    <net code="100" name="Net-(D41-Pad2)">
      <node ref="D41" pin="2"/>
      <node ref="MX41" pin="2"/>
    </net>
    <net code="101" name="Net-(D39-Pad2)">
      <node ref="D39" pin="2"/>
      <node ref="MX39" pin="2"/>
    </net>
    <net code="102" name="Net-(D40-Pad2)">
      <node ref="MX40" pin="2"/>
      <node ref="D40" pin="2"/>
    </net>
    <net code="103" name="Net-(D13-Pad2)">
      <node ref="MX13" pin="2"/>
      <node ref="D13" pin="2"/>
    </net>
  </nets>
</export>
